,URUTAN,BULAN,KOTA MEULABOH,KOTA BANDA ACEH,KOTA LHOKSEUMAWE,KOTA SIBOLGA,KOTA PEMATANG SIANTAR,KOTA MEDAN,KOTA PADANGSIDIMPUAN,KOTA PADANG,KOTA BUKITTINGGI,TEMBILAHAN,KOTA PEKANBARU,KOTA DUMAI,BUNGO,KOTA JAMBI,KOTA PALEMBANG,KOTA LUBUKLINGGAU,KOTA BENGKULU,KOTA BANDAR LAMPUNG,KOTA METRO,TANJUNG PANDAN,KOTA PANGKAL PINANG,KOTA BATAM,KOTA TANJUNG PINANG,DKI JAKARTA,KOTA BOGOR,KOTA SUKABUMI,KOTA BANDUNG,KOTA CIREBON,KOTA BEKASI,KOTA DEPOK,KOTA TASIKMALAYA,CILACAP,PURWOKERTO,KUDUS,KOTA SURAKARTA,KOTA SEMARANG,KOTA TEGAL,KOTA YOGYAKARTA,JEMBER,BANYUWANGI,SUMENEP,KOTA KEDIRI,KOTA MALANG,KOTA PROBOLINGGO,KOTA MADIUN,KOTA SURABAYA,KOTA TANGERANG,KOTA CILEGON,KOTA SERANG,SINGARAJA,KOTA DENPASAR,KOTA MATARAM,KOTA BIMA,MAUMERE,KOTA KUPANG,KOTA PONTIANAK,KOTA SINGKAWANG,SAMPIT,KOTA PALANGKA RAYA,TANJUNG,KOTA BANJARMASIN,KOTA BALIKPAPAN,KOTA SAMARINDA,KOTA TARAKAN,KOTA MANADO,KOTA PALU,BULUKUMBA,WATAMPONE,KOTA MAKASSAR,KOTA PARE-PARE,KOTA PALOPO,KOTA KENDARI,KOTA BAU-BAU,KOTA GORONTALO,MAMUJU,KOTA AMBON,KOTA TUAL,KOTA TERNATE,MANOKWARI,KOTA SORONG,MERAUKE,KOTA JAYAPURA
0,0,2014-01-01,0.5,0.95,0.36,0.22,0.26,-0.87,0.02,1.79,0.02,0.0,0.05,0.08,0.1,0.37,1.2,0.0,-1.09,0.27,0.5,1.51,-2.25,0.59,0.42,0.65,0.09,0.73,-1.08,0.22,0.35,0.93,0.56,1.41,0.29,0.0,0.51,0.64,0.66,0.81,0.31,0.53,0.45,0.9,0.3,0.1,0.16,1.13,1.5,0.13,0.35,0.0,0.55,0.23,0.0,-2.15,-0.41,-4.06,0.27,-0.29,0.09,-1.74,1.71,0.0,-0.49,0.23,-1.81,0.0,0.0,0.04,0.09,0.41,-0.52,0.56,-1.17,1.85,0.0,0.0,-0.55,-2.3,-0.16,0.0,-2.15,0.27
1,1,2014-02-01,0.39,0.06,0.12,0.0,0.47,0.02,0.01,0.04,1.6,0.24,0.98,0.46,-0.32,0.93,0.04,-0.01,0.48,0.02,0.0,-2.03,0.47,0.01,0.2,0.17,0.01,-0.03,-0.07,-0.08,-0.1,0.0,1.24,-0.16,0.73,0.0,0.7,-0.07,0.52,-0.66,-0.08,-0.31,0.03,-0.02,0.18,-0.02,-0.19,0.08,-0.67,-0.01,-0.02,1.06,-0.05,0.22,-0.02,0.4,-0.31,5.64,0.8,-1.28,0.77,-1.74,0.0,0.37,2.27,0.61,-1.37,0.0,0.0,-0.01,0.23,0.0,0.13,1.43,0.03,0.12,1.89,0.0,0.43,0.44,0.05,-7.48,0.0,0.23
2,2,2014-03-01,0.0,0.13,0.12,-0.24,0.02,0.66,0.0,0.02,0.1,0.0,0.07,0.35,0.04,0.75,0.02,0.0,1.18,0.05,0.0,3.34,1.97,0.26,0.12,0.58,0.08,0.02,0.01,0.03,0.05,0.02,0.02,1.09,0.02,0.0,0.56,0.64,0.02,0.44,0.1,0.43,0.61,-0.01,1.4,0.6,0.37,0.79,0.06,0.3,0.2,0.14,0.81,0.72,5.21,0.66,2.74,-2.84,-0.65,1.24,0.0,-1.11,0.97,0.72,0.84,-0.3,2.86,0.21,0.0,0.5,0.07,0.0,0.63,1.32,1.22,0.09,2.98,-7.72,2.33,0.44,0.77,4.9,1.47,0.33
3,3,2014-04-01,0.0,1.42,0.0,1.38,-0.29,0.13,-0.01,0.95,0.0,0.0,0.17,0.16,1.15,0.03,-0.06,0.12,0.78,0.18,0.0,-0.95,0.31,-0.25,0.0,0.4,-0.13,0.22,0.11,-0.05,-0.14,-0.06,-0.02,0.73,-0.04,0.0,-0.09,0.82,0.32,-0.27,-0.13,0.06,0.03,-0.5,1.73,0.04,-0.06,0.64,-0.11,1.19,-0.09,0.0,0.37,0.5,0.02,-0.03,0.7,1.22,-0.35,0.04,0.0,1.21,0.79,0.19,0.18,-0.26,1.61,-0.08,0.0,0.05,0.0,0.03,0.28,2.2,0.11,0.26,1.84,-0.09,0.43,-1.08,1.13,-2.17,0.08,0.29
4,4,2014-05-01,0.01,-0.01,0.33,-0.05,-0.28,-0.19,-0.01,0.43,0.0,0.0,-0.3,0.01,-0.03,0.08,0.0,0.08,-3.62,-0.17,0.0,0.15,-1.37,-0.02,0.23,-0.33,-0.09,-0.05,0.57,-0.12,-0.09,-0.02,0.09,1.2,0.37,0.2,0.04,0.08,-0.02,0.03,-0.04,0.08,0.28,0.21,1.02,-0.09,0.96,0.82,1.61,-0.02,0.0,0.0,0.68,1.17,4.82,1.21,1.57,0.02,0.46,-0.22,0.01,4.77,0.77,0.59,0.28,0.57,2.23,0.02,0.01,0.4,0.08,0.65,0.77,0.47,0.11,0.01,1.79,6.02,1.17,3.13,2.1,2.5,0.0,0.31
5,5,2014-06-01,-0.6,0.01,0.6,0.28,-0.24,0.43,-0.03,-0.03,0.0,0.0,0.22,-0.05,0.2,-0.24,-0.02,-0.4,1.38,0.02,0.02,1.85,0.1,0.07,0.88,0.68,0.01,0.02,0.02,-0.03,0.0,0.25,0.24,0.21,0.09,0.0,0.02,0.05,0.0,0.03,-0.02,0.75,0.15,-0.02,0.07,0.05,-0.16,-0.24,-0.39,-0.02,-0.01,1.38,-0.36,0.05,0.45,-0.88,3.03,3.97,0.59,1.61,0.01,1.37,0.0,-0.19,3.87,2.22,0.06,0.03,0.04,0.47,0.0,0.22,0.29,0.36,0.58,0.38,1.13,2.72,-0.72,0.21,-2.4,0.0,1.43,0.27
6,6,2014-07-01,0.0,0.07,-1.27,-0.32,0.02,0.95,1.12,0.76,0.36,0.32,1.74,0.94,1.21,1.31,2.12,0.45,7.19,1.6,1.6,0.07,1.82,1.73,2.38,1.55,0.61,0.51,4.02,0.56,1.67,0.87,1.55,3.41,0.63,0.83,1.25,0.34,1.03,0.98,1.35,0.37,0.38,0.69,0.33,1.28,1.34,0.62,0.94,0.91,1.23,0.88,0.46,1.1,1.11,0.52,3.1,1.39,1.3,1.15,0.33,-0.22,0.23,0.15,4.16,0.94,1.81,0.07,0.0,-0.06,0.0,2.05,0.76,-1.33,0.48,0.49,2.75,10.63,0.19,0.55,0.43,1.77,1.41,1.36
7,7,2014-08-01,2.45,1.86,0.43,0.01,0.01,0.92,-1.66,4.0,-0.13,-0.13,-0.17,0.12,-0.42,0.42,-1.43,0.02,-0.24,-0.67,-0.81,6.03,-2.37,0.03,-1.03,0.32,-0.63,-0.01,-0.57,0.03,-1.13,-0.47,-0.74,-0.4,0.1,0.35,0.27,0.6,0.55,-0.36,-0.46,-0.02,-0.13,-0.32,0.2,-0.19,-0.02,-0.25,0.3,0.61,-0.93,0.09,-0.18,0.67,1.98,-0.7,-5.68,-0.84,-0.67,-2.13,-0.04,-4.93,0.23,-1.19,-6.71,-1.71,-0.31,-0.37,0.03,-0.24,0.07,-1.19,0.22,0.3,-0.05,0.4,1.64,0.06,2.91,-0.77,0.74,4.37,-0.64,-0.18
8,8,2014-09-01,0.39,0.26,-1.65,-0.34,0.01,-0.99,0.02,-5.85,-0.09,0.0,0.07,-0.16,-0.19,-0.59,0.8,0.0,-1.13,0.09,-0.33,0.0,-2.11,-0.01,-1.68,0.18,-0.08,0.23,-0.05,-0.05,-0.53,0.06,-0.74,-2.25,0.22,-0.4,-0.23,-0.73,0.77,0.0,-0.74,0.73,0.11,0.23,-0.7,-0.64,-0.57,-0.63,-0.9,-0.09,-0.08,-0.18,-0.58,-0.44,-1.29,-1.56,-1.02,-0.01,2.07,-0.08,0.31,-0.59,-0.03,-0.95,-0.59,0.23,0.16,1.78,0.05,0.0,0.03,0.06,-0.1,-1.46,-0.68,-0.08,-3.28,4.08,-1.06,-0.75,-2.2,0.03,0.06,-0.37
9,9,2014-10-01,-0.28,0.27,-0.67,0.04,0.0,1.23,-0.01,0.2,0.32,0.1,-0.46,0.02,0.0,0.09,2.01,0.0,-1.96,0.39,0.0,0.09,0.12,0.17,-0.16,0.26,-0.08,-0.01,-0.08,0.08,-0.06,-0.06,0.01,1.04,0.0,1.07,0.0,0.05,0.14,0.54,0.23,0.6,0.0,0.11,-0.18,0.0,0.04,0.04,0.07,0.72,-0.05,-0.28,0.77,0.41,-0.54,-0.87,0.54,0.0,0.55,0.05,0.0,1.04,0.12,3.69,0.73,0.63,-0.27,0.15,0.01,-0.01,0.04,0.2,-0.49,0.65,-0.11,0.27,-1.38,-4.47,0.0,0.29,1.21,0.03,0.11,0.23
10,10,2014-11-01,7.48,5.58,7.7,5.05,4.6,7.24,7.05,5.68,6.91,7.25,8.64,5.11,7.73,6.51,6.04,7.24,5.05,4.33,5.95,7.51,4.69,5.45,5.6,5.06,6.52,9.72,7.35,8.03,7.91,7.25,6.15,6.0,7.34,6.32,6.49,6.21,6.32,4.87,6.63,5.33,5.29,6.67,6.66,6.51,6.31,6.01,4.65,4.71,4.86,6.85,5.58,4.23,1.41,4.72,7.06,5.01,5.32,4.53,5.43,6.53,5.13,4.94,5.71,9.79,6.32,5.45,5.49,5.15,6.03,8.3,6.11,6.11,3.99,4.34,6.65,15.83,10.39,3.83,4.44,5.21,4.6,6.03
11,11,2014-12-01,9.14,6.94,8.26,7.02,16.1,10.13,10.48,9.65,9.92,8.97,8.01,8.12,8.89,7.89,9.05,9.89,10.88,8.08,11.81,11.52,8.15,9.95,10.01,6.75,9.61,12.72,8.75,9.74,9.9,7.33,9.19,7.98,7.9,6.87,7.43,6.48,6.38,6.53,8.63,6.3,6.9,7.34,8.79,8.31,7.48,6.92,9.88,8.87,12.53,8.69,6.12,6.55,6.62,17.04,10.04,6.68,7.92,8.44,7.65,4.8,7.76,7.62,11.91,10.2,5.28,9.95,7.43,7.26,9.45,6.57,9.8,9.03,11.23,6.32,6.94,1.41,9.51,7.61,5.42,7.38,8.27,8.16
12,12,2015-01-01,-8.93,-6.49,-8.96,-3.58,-5.35,-6.92,-5.5,-7.12,-6.4,-6.8,-7.14,-6.61,-7.34,-4.64,-8.68,-8.7,-5.52,-7.43,-7.07,-8.18,-7.76,-5.85,-7.8,-5.26,-7.95,-9.6,-5.02,-6.73,-5.54,-5.07,-7.44,-7.18,-5.84,-7.41,-6.03,-6.84,-5.07,-5.53,-6.45,-1.86,-5.13,-5.38,-2.06,-5.71,-5.69,-5.18,-6.72,-6.53,-6.62,-6.48,-6.35,-5.54,-4.39,-6.5,-5.69,-7.27,-5.08,-6.67,-7.07,-8.23,-4.62,-6.82,-5.54,-6.12,-6.49,-6.38,-6.05,-6.82,-3.48,-4.81,-6.97,-2.21,-5.08,-5.28,-3.24,-11.86,-8.36,-7.17,-5.2,-5.89,-5.36,-5.99
13,13,2015-02-01,-4.27,-2.86,-4.13,-1.14,-6.43,-3.09,-1.63,-2.6,-3.37,-4.08,-4.41,-3.1,-4.64,-2.11,-1.03,-2.68,-5.56,-2.65,-8.79,-10.49,-3.57,-2.58,-4.34,-0.04,-2.09,-1.88,-1.54,-2.55,-2.63,-1.58,-4.92,-3.78,-4.45,-2.35,-4.18,-2.89,-3.02,-3.06,-2.58,-2.85,-3.17,-3.07,-3.29,-3.33,-3.92,-3.81,-2.02,-6.21,-8.05,-3.82,-2.22,-2.1,-3.0,-4.84,-2.72,-2.56,-2.66,-2.49,-3.17,-1.62,-3.67,-3.3,-2.31,-2.45,-5.07,-5.85,-2.67,-2.3,-2.23,-5.18,-4.3,-3.83,-2.5,-3.21,-0.72,-2.08,-5.33,-1.09,-3.06,-2.83,-1.53,-2.3
14,14,2015-03-01,2.17,2.52,1.58,0.39,1.28,1.77,1.07,1.66,1.42,1.73,1.72,1.46,1.77,1.7,1.92,1.91,1.52,0.06,1.64,1.99,1.96,1.21,1.85,0.07,1.21,1.04,1.13,-0.82,1.19,1.2,2.49,1.74,0.63,1.67,1.31,1.29,1.21,0.94,1.51,-0.56,1.19,0.7,1.76,1.06,0.79,1.2,0.96,1.54,4.36,-0.03,0.84,1.55,0.31,1.29,1.53,1.44,1.18,0.71,1.87,1.54,1.55,1.61,1.47,1.87,2.72,1.86,1.2,1.86,-3.71,1.27,1.35,9.59,0.82,0.98,1.06,1.83,2.63,0.77,1.62,1.29,0.69,1.1
15,15,2015-04-01,4.17,2.71,4.43,1.47,2.15,2.31,1.74,1.99,2.28,2.85,2.89,2.46,2.74,2.25,1.17,4.28,4.79,2.24,2.86,10.19,4.04,2.55,3.29,2.15,5.51,1.57,1.76,5.38,2.15,1.69,4.95,2.53,3.17,2.48,2.96,2.83,2.47,2.14,3.24,5.38,2.15,3.26,2.93,3.32,4.18,4.23,2.16,2.41,8.05,2.95,2.52,2.3,2.72,3.0,2.32,2.38,2.05,1.99,2.65,2.28,3.37,2.45,2.5,9.33,3.7,3.63,2.01,1.93,5.99,1.76,1.81,-1.17,3.99,1.97,1.27,9.94,9.12,2.82,0.57,2.18,1.17,2.69
16,16,2015-05-01,0.08,-0.27,0.04,-0.25,0.23,0.04,0.02,0.13,0.05,0.56,-0.22,0.08,0.02,0.01,0.7,0.05,-0.12,0.17,0.1,-0.34,-1.29,0.07,-0.8,0.26,0.33,0.04,0.14,3.77,0.47,0.63,0.08,0.62,0.19,0.24,0.22,0.42,0.28,0.22,0.11,-0.02,-0.12,0.09,0.43,0.01,0.3,0.42,0.05,0.4,0.37,0.19,0.17,0.04,0.97,0.61,1.29,-0.05,-0.32,0.06,0.07,0.48,0.09,0.45,0.24,-0.77,-0.08,0.77,0.06,0.95,0.08,0.02,-0.22,-2.96,0.1,0.12,5.6,0.0,0.09,-0.57,-0.21,0.1,0.11,0.29
17,17,2015-06-01,0.22,0.26,0.09,-0.15,0.48,-0.28,0.03,0.1,0.07,0.08,0.16,0.08,0.17,-2.35,-0.55,0.06,0.05,0.19,0.06,0.26,0.5,0.12,0.07,-0.05,0.33,0.07,0.4,0.37,0.32,0.49,0.18,0.21,0.43,0.27,0.35,0.59,0.24,0.43,0.3,-0.82,0.07,0.24,0.11,0.34,0.13,0.28,0.51,0.15,0.31,0.09,-0.2,0.18,-2.79,0.45,1.0,-0.4,-0.05,-0.28,-0.04,1.03,0.1,-0.4,2.39,1.31,0.04,-0.03,0.06,0.06,0.07,-0.08,0.32,4.16,0.17,0.2,-0.72,-0.08,0.0,0.16,1.08,1.72,1.22,0.14
18,18,2015-07-01,0.09,0.45,0.53,1.78,0.0,0.78,0.77,2.44,0.61,1.52,1.03,1.14,3.05,5.86,1.38,0.47,4.23,3.09,3.3,4.41,7.06,5.74,3.15,3.51,0.63,1.27,4.21,1.74,2.5,0.75,1.93,2.16,3.25,1.76,3.86,3.26,2.97,1.94,1.68,1.88,0.58,1.83,2.34,1.69,1.94,1.57,1.84,0.8,1.58,0.75,2.64,1.21,5.44,1.58,3.61,6.03,2.45,3.27,0.04,1.31,7.32,1.28,0.16,5.22,5.19,1.0,0.35,1.79,0.96,1.93,0.34,0.03,0.86,0.91,2.98,0.6,2.37,3.25,3.53,1.76,3.79,2.68
19,19,2015-08-01,-0.19,2.24,-0.55,0.08,-0.01,2.31,-3.22,-2.25,-0.02,-0.64,1.1,-0.08,-2.52,-1.51,1.3,-0.31,4.35,-0.67,-0.02,-1.23,-4.55,0.05,-2.39,-1.77,0.05,-0.24,-0.35,-1.28,0.03,-0.02,-0.61,-1.4,-3.04,0.02,-1.26,-2.92,-0.16,-1.17,-2.08,-1.49,0.01,-1.18,-2.51,-1.31,-1.86,-1.92,0.21,-0.55,0.03,-0.54,-1.21,-0.02,-1.04,1.15,-3.56,-6.43,-1.13,-3.64,-0.08,-0.95,-1.7,-0.93,-1.42,-4.35,-4.49,-0.27,-0.02,-0.12,-0.96,0.01,-0.25,0.5,-0.52,-1.34,-3.74,-0.65,-0.74,-1.88,-1.76,0.0,-3.28,-1.03
20,20,2015-09-01,-0.05,-2.22,-0.15,-0.27,-0.06,-0.83,-0.05,-0.86,-0.1,1.11,-0.5,-0.05,-0.03,-2.61,-3.33,0.12,-3.09,-0.14,-0.06,0.26,-0.56,0.01,7.33,-1.75,0.07,-0.05,-0.17,-0.4,-0.21,-0.17,-0.12,-0.15,-0.18,0.63,-0.1,-0.36,-0.65,-1.17,-0.13,0.3,0.57,0.32,-1.75,-0.04,1.15,-0.04,0.09,0.78,-0.21,-0.09,-1.07,0.98,0.09,-0.62,-1.85,1.6,0.49,-0.73,2.52,-0.48,-2.34,-0.55,-0.04,-0.41,-1.3,-0.13,-0.08,-0.03,0.05,0.0,-0.86,1.55,0.5,1.78,0.27,-0.51,-2.1,-2.45,0.43,-3.15,-0.64,-0.68
21,21,2015-10-01,-0.12,0.66,-0.06,0.44,-0.08,-0.2,-0.05,-0.09,-0.1,0.13,-0.1,-0.08,-0.04,0.06,0.43,-0.2,-2.64,0.38,-0.23,-1.71,1.34,0.73,-7.48,-0.06,-0.06,-0.05,-0.2,-0.02,-0.31,-0.06,0.08,-0.2,0.04,-0.02,-0.04,-0.09,0.09,0.54,0.16,-0.08,-0.04,-0.04,0.01,0.01,-0.08,-0.07,-0.42,-0.04,-0.06,-0.05,-0.42,1.04,2.45,-2.95,1.18,-1.27,2.36,-0.07,-0.01,0.45,3.64,0.03,-0.81,0.67,2.91,-0.09,0.27,-0.04,-0.32,0.16,-0.05,-0.66,-0.29,-0.61,2.32,3.03,-0.15,1.11,0.02,2.07,0.6,0.0
22,22,2015-11-01,-0.06,-0.49,-0.14,-0.02,-0.01,0.41,-0.02,-0.03,-0.04,0.13,-0.04,-0.05,-0.04,-0.05,0.02,-0.01,0.66,-0.11,-0.09,0.5,-0.67,-0.02,0.01,-0.09,-0.03,-0.01,0.06,-0.08,0.09,-0.11,0.03,0.03,-0.03,-0.06,-0.06,0.19,-0.04,0.22,0.1,0.4,-0.01,-0.04,0.16,-0.03,-0.05,-0.09,-0.31,-0.03,0.05,-0.05,0.21,-0.03,0.55,0.34,0.0,-0.6,0.24,0.83,-0.02,-0.23,-0.82,1.62,-1.63,0.02,-0.16,-0.04,-0.02,0.04,0.03,0.0,0.11,6.18,-0.09,0.11,1.38,3.55,-0.14,-0.01,0.01,0.02,-0.14,0.01
23,23,2015-12-01,-0.01,-0.09,0.21,0.85,-0.01,-0.11,-0.02,3.77,-0.02,0.01,0.24,0.0,-0.01,1.41,0.13,-0.02,1.9,-0.02,-0.03,5.83,1.38,0.71,-0.95,0.56,0.02,0.0,0.67,-0.2,0.04,-0.25,-0.01,0.12,0.39,-0.07,0.39,0.81,-0.02,0.46,0.42,0.31,-0.02,0.07,0.72,0.09,0.05,0.65,0.89,0.03,-0.08,0.13,0.24,0.22,-0.01,-0.62,2.32,4.72,0.44,1.04,0.12,4.55,0.74,0.65,4.01,0.39,1.07,0.12,-0.02,1.47,-0.02,0.02,0.04,1.27,0.41,0.16,1.1,7.32,0.23,0.35,2.62,1.37,5.2,0.66
24,24,2016-01-01,-2.39,-1.91,-1.91,-0.98,-1.58,-0.38,-1.32,-2.78,-1.62,-1.89,-1.92,-1.39,-2.21,-2.72,-1.27,-1.51,-1.12,-1.77,-2.38,-8.25,-1.87,-1.13,-1.59,-1.63,-1.26,-1.31,-1.64,-1.5,-2.55,-0.82,-1.32,-1.55,-2.1,-1.44,-2.09,-3.38,-2.4,-1.25,-1.52,-1.67,-1.16,-1.58,-2.51,-2.18,-1.5,-1.16,-2.56,-1.42,-1.47,-2.21,-1.34,-1.21,-1.11,-2.88,-3.69,-2.45,-2.08,-1.41,-1.89,-4.45,-0.67,-1.65,-5.87,-0.54,0.16,-0.2,-1.5,-2.24,-1.57,-1.2,-1.21,-3.64,-1.58,-0.95,-0.78,-2.25,-0.58,-2.58,-0.73,-1.21,-2.29,-1.75
25,25,2016-02-01,-0.52,-0.42,-0.17,-0.27,-0.27,-2.16,-0.19,2.67,-0.27,-0.11,-0.41,-0.29,-0.23,-0.32,-0.23,-0.04,1.22,-0.5,-0.41,-3.12,2.16,-0.11,-0.25,0.07,-0.16,-0.24,-0.34,-0.47,-0.45,-0.2,-0.34,-0.29,-0.22,-0.01,0.02,-0.18,-0.16,-0.43,-0.34,-0.19,-0.24,-0.45,-1.92,-0.47,-0.11,-0.62,0.01,-0.31,-0.38,-0.42,-0.71,0.71,0.33,-0.15,0.07,0.46,0.17,-0.27,-0.33,1.95,-0.06,-0.24,-0.42,-1.46,-1.57,-0.28,-0.27,-0.22,-0.25,0.09,0.27,-2.33,-0.63,-0.06,-2.89,-0.82,-0.45,-0.14,0.24,-0.25,0.62,-0.25
26,26,2016-03-01,-0.12,-0.69,-0.2,-0.01,-0.04,0.54,-0.02,-0.06,-0.06,-0.02,-0.12,0.18,-0.02,-0.01,-0.44,-0.05,-2.96,0.11,-0.06,-0.55,-0.26,-0.06,-0.95,-0.75,-0.09,-0.06,-0.19,-0.31,-0.25,-0.36,0.09,-0.41,-0.29,-0.23,0.07,-0.36,0.05,-1.39,-0.28,-0.09,0.69,-0.18,-1.26,-0.05,-0.05,-0.66,-0.14,0.17,-0.24,-0.17,-0.19,-0.03,0.0,-1.87,-0.66,-2.16,-0.02,0.35,-0.07,0.7,-0.33,1.76,0.04,-0.26,-0.07,-0.02,-0.07,-0.03,-0.05,-0.02,-0.06,-3.89,0.21,-0.26,-0.63,0.33,-0.12,1.94,0.28,0.21,0.0,-0.35
27,27,2016-04-01,-4.07,-2.76,-3.44,-1.45,-2.41,-1.87,-2.0,-2.23,-2.6,-2.49,-2.95,-2.58,-3.1,-5.43,-2.78,-3.41,-2.27,-2.36,-3.07,-3.02,2.04,-2.24,-3.14,-2.45,-1.97,-7.81,-1.62,-2.29,-2.62,-1.64,-2.34,-3.46,-2.76,-2.38,-2.42,-2.72,-2.88,-2.42,-2.56,-2.57,-2.18,-2.9,-2.2,-3.01,-2.67,-2.27,-2.56,-2.65,-6.71,-3.67,-2.88,-2.08,-1.55,-1.92,-2.13,-3.16,-2.69,-2.36,-2.55,-1.32,-2.2,-2.44,-1.85,-2.11,-2.28,-2.49,-2.27,-2.01,-2.17,-1.91,-2.42,-1.89,-2.42,-1.89,-0.72,-0.71,-0.9,-1.53,-1.8,-1.54,-1.79,-2.42
28,28,2016-05-01,-0.02,0.17,0.08,0.72,-0.01,-0.27,0.0,-0.01,-0.03,0.02,0.9,0.1,-0.67,2.04,1.33,-0.03,4.14,-0.02,-0.17,6.2,-1.38,-0.03,1.02,-0.32,0.02,-0.01,0.1,-0.11,-0.04,-0.11,-0.04,-0.07,-0.03,-0.06,0.05,-0.1,-0.05,-0.06,-0.16,0.05,-0.02,-0.05,0.99,-0.01,-0.03,0.21,0.42,0.06,0.71,0.06,0.51,0.13,-0.49,1.01,2.22,3.7,1.38,0.67,-0.08,0.65,0.41,-0.04,1.07,0.58,2.11,-0.01,-0.02,0.06,-0.02,-2.92,0.97,4.96,0.3,-0.08,6.86,0.98,2.05,0.98,0.33,3.32,0.78,0.3
29,29,2016-06-01,-0.01,-0.4,0.63,0.41,-0.01,0.16,-0.01,-0.01,-0.02,-0.01,-0.48,0.25,4.26,2.28,-0.31,-0.02,5.36,0.97,0.0,0.31,1.43,4.43,1.56,0.99,0.26,-0.01,1.43,-0.08,0.32,-0.09,-0.04,0.18,-0.06,-0.01,-0.08,0.05,0.98,0.36,0.07,0.11,-0.01,0.03,1.61,0.18,0.15,0.21,0.97,0.28,-0.07,0.01,0.87,0.38,-0.5,0.84,0.9,1.23,0.1,2.5,-0.02,4.85,8.11,0.78,11.84,-0.26,2.85,0.45,-0.01,0.1,-0.02,0.89,-0.39,-5.4,0.34,0.24,0.6,4.42,-2.48,4.65,1.87,13.46,8.19,0.92
30,30,2016-07-01,0.0,0.78,0.44,0.68,0.0,1.22,4.82,2.52,1.71,1.57,1.13,0.21,1.8,2.34,1.92,1.47,8.6,1.9,0.0,11.69,7.09,5.5,1.24,1.21,0.46,0.72,2.43,0.46,2.15,1.59,1.03,2.56,1.55,0.84,2.44,4.12,5.17,3.98,0.7,0.06,1.08,1.82,1.05,1.54,2.61,1.43,1.43,0.89,1.09,0.73,2.13,2.88,3.55,0.87,2.52,2.06,1.57,0.19,0.15,0.34,5.85,0.06,-1.16,2.74,0.39,0.0,0.0,1.63,1.24,5.07,1.25,2.75,-0.3,0.5,1.55,2.79,3.52,1.05,2.67,-2.35,-7.24,1.82
31,31,2016-08-01,0.71,-0.05,-0.55,-0.69,-0.01,-0.78,-0.87,-1.82,-0.77,-0.81,-1.72,0.0,-3.04,-0.66,-1.6,-1.55,-1.69,-2.19,-0.02,-6.09,1.03,0.02,-2.45,-1.66,-0.73,-0.41,-2.95,-0.42,-2.36,-1.56,-1.03,-1.97,-1.74,-0.88,-2.37,-2.2,-1.92,-1.74,-1.82,-0.11,-0.57,-1.85,-1.59,-1.26,-2.68,-1.16,-1.17,-0.96,-1.05,-0.77,-0.69,-2.57,-0.23,0.01,-2.23,0.07,-0.74,-1.12,-0.17,-0.26,-0.4,-1.71,-9.21,-0.26,-1.32,0.16,-0.03,-1.55,-1.65,-1.11,-0.05,8.98,-0.01,-1.62,-6.59,-4.38,-1.81,-1.32,0.04,-1.28,-0.37,-1.49
32,32,2016-09-01,-0.02,-0.39,1.12,0.0,0.01,-0.08,-0.01,-0.44,-0.02,0.16,1.88,-0.19,0.06,0.31,-1.4,0.26,-1.76,0.34,-0.02,-4.2,-1.06,0.04,-0.9,0.04,0.0,0.0,0.21,0.0,-0.01,0.11,0.0,0.12,0.03,-0.02,-0.01,0.09,0.0,-1.68,0.0,0.0,0.33,0.97,-1.12,0.05,0.13,0.2,-0.15,0.0,0.0,0.09,0.1,-3.26,-0.72,-1.26,-1.73,-4.36,0.11,-0.02,-0.02,0.3,0.29,-1.37,-0.06,-0.16,0.93,0.0,-0.02,-0.02,0.03,-0.04,0.03,-4.88,-0.02,0.38,1.07,-1.85,-0.39,-0.17,-0.7,2.29,1.59,-0.16
33,33,2016-10-01,0.0,0.77,-1.66,0.0,0.33,-0.12,0.0,0.0,0.0,0.0,0.0,0.1,0.03,-0.59,0.19,0.02,1.01,0.33,0.0,1.08,-3.5,0.0,-0.64,0.19,0.27,0.0,-0.15,0.0,0.06,0.42,0.0,0.1,0.0,0.05,0.04,-0.01,0.31,0.33,0.0,0.1,0.0,0.13,0.19,0.0,0.0,-0.01,-0.45,0.0,0.0,0.21,-1.37,0.09,-0.37,-0.76,-0.52,-0.17,-0.68,0.22,0.0,0.84,0.84,3.97,0.0,0.33,-2.41,0.0,0.0,0.0,0.0,0.01,-0.26,2.06,0.09,0.07,0.09,1.0,-0.51,0.33,-0.78,-2.2,-2.54,0.07
34,34,2016-11-01,0.0,-0.32,0.63,0.01,0.01,-0.08,0.0,0.0,0.0,0.0,-0.53,0.0,0.0,-0.81,-0.31,0.26,-1.22,0.06,0.0,-2.59,-1.04,-0.01,0.06,-0.06,0.07,0.03,0.19,0.11,0.09,0.13,0.09,0.07,0.05,0.03,1.03,0.15,0.03,0.13,0.04,0.0,0.01,0.06,0.04,0.01,0.19,0.12,-0.07,0.04,0.42,0.04,-0.16,-0.03,-1.93,-0.08,-1.25,0.0,0.67,0.18,0.05,0.0,-0.83,0.5,-1.38,0.21,-1.33,0.68,0.0,0.0,0.0,0.13,-0.44,-3.27,-0.13,0.1,-0.66,0.15,-0.45,-1.42,-0.91,0.54,0.18,-0.06
35,35,2016-12-01,0.36,1.26,0.14,0.02,0.12,0.31,0.28,2.03,0.11,0.05,0.94,0.06,1.01,2.31,3.4,0.23,1.02,0.35,0.15,11.26,10.14,1.15,1.02,1.09,0.78,0.36,1.92,0.45,0.2,0.39,0.42,0.51,0.78,0.53,0.44,0.78,0.32,0.29,0.57,2.17,0.19,0.6,3.94,0.22,0.92,0.87,1.42,0.63,0.34,0.48,3.44,0.18,-1.31,0.59,3.43,1.84,1.31,1.54,0.16,1.02,2.7,0.77,4.9,0.94,2.16,0.07,0.07,0.56,0.3,0.52,1.25,1.26,0.34,0.73,5.06,6.29,1.49,6.53,0.06,5.18,9.15,1.27
36,36,2017-01-01,1.53,0.33,1.19,0.36,0.68,1.74,1.57,-0.29,0.49,0.6,0.95,1.0,0.9,-3.68,-2.02,0.88,1.6,0.83,0.6,-2.33,-0.35,0.22,0.66,0.03,1.12,0.55,0.13,1.23,0.5,0.89,0.48,1.06,1.17,1.73,1.17,1.43,1.72,2.37,1.7,-0.15,1.28,1.31,0.11,0.87,1.2,1.33,-0.51,0.88,0.79,1.29,1.38,0.48,-0.72,-0.43,-1.5,1.42,-0.42,-0.07,1.0,1.55,0.75,-0.34,-1.5,1.03,0.6,0.3,0.31,1.58,1.4,0.15,0.6,-6.1,0.37,0.46,-1.48,-2.24,-1.24,-1.68,1.1,-1.12,-4.93,0.42
37,37,2017-02-01,0.36,-0.16,0.45,-0.05,0.35,-0.56,0.03,0.41,0.05,0.53,0.05,0.32,0.15,-1.82,-0.01,0.12,1.11,0.31,0.87,-3.81,-2.27,0.9,-0.37,0.07,0.56,0.07,-0.17,0.14,0.07,0.23,0.06,0.68,0.36,0.2,-0.58,-0.11,0.13,-1.37,0.38,0.0,0.05,0.16,-3.28,0.19,0.25,-0.27,-0.12,0.42,0.18,1.46,-0.28,0.13,-0.91,0.08,0.29,-0.9,0.25,0.19,0.65,-0.99,0.17,0.1,0.57,0.14,0.42,0.02,0.8,0.06,0.02,0.2,-0.67,-3.54,0.43,0.11,-5.03,-5.85,0.18,-1.47,-0.13,-1.48,-5.83,-0.17
38,38,2017-03-01,0.51,0.69,0.39,0.07,0.17,-0.12,0.12,-0.63,0.05,0.19,0.09,0.27,0.07,0.35,0.07,0.05,0.32,0.16,0.61,-2.66,-0.08,-0.96,-0.35,0.03,0.11,0.07,0.32,0.16,0.06,0.18,0.1,0.23,0.32,0.19,0.67,0.01,0.46,0.12,0.17,0.64,0.12,0.16,0.19,0.18,0.15,0.29,0.47,0.25,0.76,0.29,0.8,0.46,-0.94,0.32,0.64,-1.29,2.3,0.15,-0.38,0.49,-0.97,0.48,-0.25,0.05,0.11,0.03,0.03,0.09,0.02,0.02,0.4,-1.39,-0.09,0.75,1.53,0.88,-0.23,0.33,-1.17,-2.43,0.27,0.09
39,39,2017-04-01,0.2,1.04,0.96,0.32,0.04,-0.32,0.03,0.35,0.05,0.09,-0.01,0.12,1.23,0.88,0.38,-0.01,0.23,-0.26,-0.04,4.93,9.4,0.03,0.21,-0.13,0.09,0.06,0.43,0.13,0.05,0.09,0.89,0.28,0.14,0.17,1.19,0.29,0.16,0.8,0.26,0.5,0.42,0.26,0.82,0.33,0.74,0.25,1.16,0.16,0.1,0.27,0.81,0.25,0.33,0.64,2.8,-0.64,0.44,0.13,1.21,0.43,0.02,0.31,0.09,0.01,0.06,0.02,0.02,0.42,0.02,0.09,-0.01,-1.27,0.22,0.18,1.9,-1.54,0.28,1.78,-0.03,0.0,3.75,0.28
40,40,2017-05-01,0.8,2.56,1.16,0.47,0.17,0.56,0.06,0.73,0.23,0.11,0.44,0.86,1.66,0.5,1.03,0.47,1.46,0.26,0.52,1.5,-8.31,1.43,0.44,0.44,0.4,0.21,0.35,0.68,0.16,0.49,0.24,0.49,0.58,0.82,0.63,0.42,0.34,-0.37,0.66,0.85,0.13,0.57,2.57,0.55,0.65,0.63,-1.11,0.56,0.3,0.58,1.0,0.74,0.55,-0.43,-0.64,0.21,0.71,1.66,0.29,-0.22,1.13,0.76,0.47,-0.16,0.81,0.92,0.25,0.16,0.07,0.11,0.28,2.27,-0.16,0.15,-0.61,0.55,-0.09,0.24,-0.23,3.92,3.94,0.48
41,41,2017-06-01,1.34,-1.51,0.73,0.82,0.0,0.29,3.38,1.08,0.99,0.49,0.69,0.95,5.16,2.57,1.14,1.63,1.54,1.12,2.34,8.47,9.43,4.12,5.17,1.56,0.65,1.47,5.62,0.3,1.94,1.63,0.91,2.33,0.96,0.46,2.06,0.5,2.88,2.18,0.32,0.75,0.27,0.5,1.04,2.02,0.72,0.65,1.75,0.77,0.53,0.49,0.01,0.42,3.92,1.35,5.79,3.96,5.0,7.86,2.96,2.89,6.45,0.77,10.05,2.58,4.44,0.0,0.01,0.09,0.0,0.0,1.57,-0.48,2.04,0.59,0.26,6.21,1.59,4.59,3.53,10.76,7.94,1.89
42,42,2017-07-01,0.15,2.33,-0.26,-0.75,0.0,1.13,-3.11,4.72,-0.71,0.38,1.6,-0.78,-2.53,1.57,0.88,-0.05,1.62,-1.78,-1.15,-1.46,-4.78,-2.64,-1.67,1.07,0.0,-1.33,-2.41,0.82,-1.42,0.0,0.62,-1.4,-0.04,-0.08,4.25,2.28,0.21,2.25,0.02,0.28,-0.33,-0.09,1.1,-0.47,0.36,0.59,-2.06,-0.62,-0.01,-0.35,0.07,0.92,-0.97,-0.04,-4.71,-2.41,-0.07,-6.3,-0.09,-0.01,-4.58,0.35,-8.26,-2.57,-3.06,0.02,0.19,3.41,0.0,0.73,0.39,2.38,0.43,-0.79,-2.11,2.21,-0.28,-4.41,0.0,-11.56,-10.61,-0.06
43,43,2017-08-01,0.0,-1.32,0.99,0.03,0.0,-1.15,0.0,-5.05,-0.2,-0.03,-2.17,-0.14,-3.06,-2.77,-2.0,0.13,-0.37,-1.67,-1.17,-13.17,-7.2,-2.42,-3.4,0.61,0.0,0.0,-0.32,0.0,-0.52,0.0,-1.36,-0.47,-0.87,0.74,-6.39,-2.79,-1.34,-4.06,-0.43,-0.06,0.06,0.0,-2.67,-1.5,-1.1,-1.22,0.27,-0.1,0.71,0.05,0.78,-2.01,2.95,-0.11,-2.94,-2.41,-7.76,-0.06,0.0,-0.39,-5.46,-0.29,-3.41,2.42,-2.59,0.01,0.11,-2.61,0.07,0.0,-1.2,-4.65,0.08,-0.28,-2.38,-1.61,-0.81,-1.36,-1.2,-2.46,1.29,-0.97
44,44,2017-09-01,0.0,0.01,-1.17,0.0,0.0,-0.06,0.01,-0.4,0.02,0.87,-0.05,0.42,-0.66,-0.39,0.02,0.0,-0.13,0.23,0.1,3.15,1.58,0.0,-0.19,0.01,0.0,0.01,-0.01,-0.03,0.0,0.09,-0.05,0.06,0.05,0.0,1.14,0.4,0.53,0.45,0.0,0.14,0.0,-0.27,0.31,0.0,-0.44,0.04,0.18,0.0,0.1,0.03,-0.82,-0.08,-4.92,0.12,1.91,0.19,0.64,0.16,0.34,0.2,0.14,0.0,-0.54,-1.2,-0.03,0.0,-0.02,-0.19,0.0,0.0,0.0,-0.32,0.05,0.07,-4.76,-2.48,-0.42,-2.14,-0.98,0.09,-0.6,-0.01
45,45,2017-10-01,0.0,0.38,-0.35,0.0,0.26,-0.01,0.0,0.01,0.15,0.04,0.03,0.02,0.02,-0.25,0.0,0.08,-0.47,0.06,-0.07,-2.31,-0.91,0.08,-0.02,-0.49,-0.07,0.01,-0.4,0.01,0.01,0.02,0.05,0.04,0.0,0.0,-0.64,-0.28,-0.01,-0.33,0.02,0.08,0.0,0.0,-0.31,0.0,0.3,0.01,-0.42,0.0,-0.01,0.0,-0.61,0.0,1.69,-0.47,-2.63,0.4,1.36,0.01,0.1,-1.77,0.19,0.0,0.23,1.71,0.0,0.01,0.09,-0.65,0.18,0.0,-0.05,0.04,0.04,-0.05,-1.91,1.92,-0.66,1.4,-0.83,0.43,-0.07,-0.22
46,46,2017-11-01,0.02,0.39,0.03,0.02,0.03,0.03,0.08,0.25,0.0,0.0,0.0,0.01,0.03,0.25,0.65,0.01,1.16,-0.24,0.09,0.5,0.43,0.01,0.28,0.01,0.06,0.04,0.06,0.09,0.04,0.06,0.25,0.09,0.16,0.75,0.62,0.15,0.06,0.06,0.09,0.12,0.05,0.07,-0.08,0.05,0.33,0.13,0.53,0.09,0.1,0.15,-0.21,0.06,0.69,0.12,0.0,-0.02,0.77,0.06,0.08,0.03,0.03,0.22,0.08,-1.9,-0.18,0.07,0.01,0.9,0.14,0.05,-0.26,0.88,0.0,0.33,-0.73,0.0,-0.25,0.2,0.27,1.57,0.74,0.11
47,47,2017-12-01,0.1,0.4,0.04,0.72,0.03,0.37,0.08,0.06,0.02,0.0,0.12,-0.02,1.19,3.65,0.74,0.01,0.83,0.15,0.05,9.74,6.4,1.13,1.39,1.21,0.06,0.05,2.85,0.09,0.04,0.05,0.64,0.54,0.69,-0.41,1.45,0.68,-0.18,1.88,0.36,0.27,0.05,0.35,0.29,0.49,0.65,1.67,2.31,0.09,0.17,0.2,0.28,0.55,2.08,1.43,4.67,0.88,0.39,0.84,0.01,1.58,6.95,0.24,6.54,1.08,0.98,-0.01,0.01,1.05,0.02,1.25,0.18,1.17,0.02,0.13,0.26,8.96,1.88,3.71,0.7,3.21,12.26,1.17
48,48,2018-01-01,0.23,-1.25,0.2,0.05,0.23,0.81,0.38,-0.5,0.19,0.54,0.18,0.11,-0.39,-1.64,-0.72,0.18,-0.18,0.19,0.48,-3.97,-3.95,-1.03,-1.1,-0.86,0.14,0.16,-1.66,0.25,0.19,0.26,0.1,0.25,0.01,0.9,-2.68,-0.3,0.38,0.66,0.25,-0.64,0.28,0.19,-0.11,-0.07,0.28,-0.11,-1.74,0.41,-0.29,0.6,1.96,-0.28,-1.42,-1.16,-3.64,0.86,-0.79,-0.53,0.61,0.64,-2.59,-1.16,-3.4,0.3,-0.7,0.2,0.15,-0.26,0.24,0.07,0.01,-1.29,-0.14,-0.15,-0.91,-10.64,-1.21,3.58,0.04,-1.63,-6.59,-0.51
49,49,2018-02-01,0.05,-0.61,-0.55,0.16,0.4,-0.41,0.09,-0.25,0.25,0.42,0.35,0.19,-0.06,-0.02,-0.45,0.2,-1.57,0.09,0.25,-2.28,-2.77,0.13,0.06,0.1,0.0,0.21,0.41,0.29,0.3,0.46,0.39,0.42,0.24,0.41,-0.12,0.49,0.41,-1.89,0.34,0.18,0.2,0.29,-1.89,0.39,0.15,0.08,1.03,0.25,0.45,0.4,0.73,0.32,-4.37,-0.86,-2.17,-0.19,-0.83,0.29,0.43,-1.84,-1.3,0.46,-0.93,-0.86,0.23,0.07,0.09,-0.81,0.12,0.11,0.48,-0.63,0.12,-0.01,0.48,-1.84,-0.05,-10.41,-0.62,-0.31,0.72,-0.01
50,50,2018-03-01,0.83,0.3,0.47,0.19,0.39,0.4,0.19,0.36,0.32,0.17,0.08,0.22,0.01,0.77,1.11,0.29,1.35,0.32,0.45,-0.68,1.23,-0.19,0.09,0.46,0.91,0.24,0.11,0.43,0.41,0.41,0.56,0.84,0.63,0.54,0.4,0.59,0.49,0.37,0.78,0.35,0.49,0.37,0.67,0.36,0.47,0.44,0.71,0.39,0.46,0.62,-0.08,0.37,-1.78,0.34,-0.92,-0.35,-0.85,0.46,0.67,1.2,-0.05,0.43,-0.06,2.54,0.38,0.27,0.17,-0.84,0.19,0.11,-0.11,-1.23,-0.09,0.06,0.1,-5.94,-0.09,0.77,-1.0,-2.0,-0.03,0.38
51,51,2018-04-01,0.49,0.7,0.86,0.28,0.53,0.99,0.44,0.5,0.36,0.11,0.33,0.38,0.6,0.47,0.86,0.35,2.19,0.2,0.21,1.25,10.18,-0.33,0.15,0.04,0.29,0.25,0.25,0.29,0.07,0.17,0.24,0.57,0.53,0.56,1.07,0.42,0.49,1.22,0.73,0.64,0.43,0.39,-0.47,0.16,0.56,0.24,-0.06,0.31,0.33,0.48,0.63,0.68,3.98,0.1,1.05,0.42,1.59,0.31,0.53,-0.98,0.19,0.32,-0.37,-3.22,-0.14,0.58,0.18,-0.24,0.26,0.21,0.22,0.48,0.48,0.17,0.21,-0.25,0.47,1.21,1.43,-1.01,0.81,0.28
52,52,2018-05-01,-0.45,0.92,0.61,2.31,0.0,-0.48,-0.02,0.02,0.0,0.0,0.1,0.02,-0.13,0.5,-0.29,0.0,1.74,0.02,0.0,4.35,-7.16,0.54,1.21,0.4,0.0,0.01,0.38,0.0,0.0,0.04,0.0,0.0,0.09,0.0,0.85,-0.08,0.59,1.07,0.02,0.18,0.05,0.0,3.22,0.02,0.01,0.05,-0.12,0.0,0.19,0.1,0.21,-0.37,-1.91,0.94,1.52,-0.11,2.05,0.23,0.0,-0.89,0.29,0.03,2.54,0.29,0.48,0.0,0.0,1.9,0.0,0.0,-0.46,2.98,0.14,0.92,0.15,7.45,0.88,5.3,1.46,4.86,2.22,0.29
53,53,2018-06-01,0.04,1.12,2.15,0.22,0.0,2.34,4.5,1.18,1.41,2.11,1.34,1.12,3.7,5.15,2.19,0.29,2.75,3.7,3.09,8.45,7.97,5.27,1.77,1.88,0.96,1.27,0.56,2.01,2.68,1.36,1.82,4.27,2.56,0.51,3.03,1.93,2.61,1.24,0.65,0.84,0.65,1.53,1.47,2.61,2.91,1.94,2.23,0.88,1.6,0.49,0.85,0.83,6.91,0.87,6.18,5.2,6.03,6.6,0.2,4.89,3.98,0.15,18.69,2.32,7.93,0.08,0.16,0.73,1.37,2.36,3.75,2.74,0.65,1.55,5.36,4.93,3.18,0.43,1.86,20.08,3.94,2.25
54,54,2018-07-01,0.55,0.94,0.73,-0.37,0.27,-0.7,0.19,0.94,-0.63,-2.72,1.6,-0.44,-2.59,-6.35,-2.39,0.24,3.33,-2.96,-0.83,-8.83,-4.22,-2.79,-1.63,-2.22,1.19,-0.99,-2.81,-1.12,-1.26,-0.36,-0.79,-2.57,-1.69,0.3,-1.84,-0.2,-1.77,0.4,0.44,0.35,0.23,-0.34,-1.32,-0.96,-1.3,-1.45,-0.44,0.3,0.01,0.9,0.82,0.33,1.09,-0.7,-3.15,-1.47,-1.67,-4.13,1.01,-9.19,3.76,0.9,-15.46,1.05,-3.51,0.05,0.38,-1.05,-0.9,-1.99,-2.55,6.31,-0.72,-1.22,-4.89,-5.14,-1.45,0.13,0.46,-14.53,-6.28,-1.42
55,55,2018-08-01,0.0,-1.05,-1.23,-0.26,0.03,-0.6,0.01,-2.22,0.31,0.02,-2.22,0.05,-0.28,0.96,0.2,0.19,-12.42,-0.06,-0.26,-1.56,-7.44,-3.08,-0.29,0.82,0.27,0.0,0.09,0.0,0.0,0.0,-0.19,0.1,0.32,0.0,-1.86,-0.85,0.13,-2.12,0.04,-0.27,0.0,0.0,-1.61,-0.76,-0.04,0.18,0.63,0.56,0.01,0.04,-0.16,-1.01,-8.25,1.56,1.87,-2.1,2.09,0.46,0.24,-0.45,2.29,1.04,0.16,0.45,-3.55,0.0,0.02,0.94,0.08,0.0,-0.88,-5.96,0.05,0.24,-1.27,-0.9,-2.15,-2.14,-1.66,5.83,-0.42,-0.25
56,56,2018-09-01,0.06,-0.84,1.89,-0.01,0.03,0.03,0.08,0.17,0.07,0.11,-0.34,0.02,0.34,3.01,0.06,0.13,7.82,-0.03,0.04,-1.23,1.84,0.01,0.0,-0.6,1.18,-0.01,-0.07,0.0,0.13,0.05,0.0,0.03,-0.12,0.0,0.15,0.04,0.05,0.04,0.09,-0.22,0.0,0.0,-1.16,0.11,0.02,-0.33,-0.3,0.0,0.2,0.2,-0.6,-0.32,0.42,-0.5,-0.86,-1.09,0.11,-0.69,0.13,0.34,-2.28,0.01,0.84,-1.34,-0.31,0.0,0.15,-1.44,0.0,0.0,0.34,0.57,0.05,-0.28,0.69,-0.97,0.67,1.5,-0.65,0.94,1.59,-0.13
57,57,2018-10-01,0.81,1.39,0.38,-0.06,0.27,0.33,0.2,0.94,0.45,0.51,-0.66,0.41,0.14,0.5,0.66,-0.01,-6.67,0.98,1.04,5.13,-2.13,0.37,0.22,0.11,0.46,0.5,0.47,0.78,0.59,0.87,1.14,0.75,0.9,0.82,0.57,1.3,0.75,-0.02,0.81,1.52,0.62,0.55,0.18,0.56,0.63,0.74,0.46,0.61,0.71,1.4,0.88,-0.34,1.28,-1.01,-2.4,-0.08,-0.63,0.73,1.08,0.9,-6.74,0.4,-0.91,-1.9,3.31,0.44,0.51,2.49,0.67,0.08,0.13,0.95,0.07,-0.18,1.5,0.57,-0.26,0.3,0.07,-4.75,1.35,0.33
58,58,2018-11-01,0.36,2.13,0.69,-0.06,0.1,0.59,0.27,-0.32,0.17,0.09,1.03,0.38,1.08,1.38,0.19,-0.01,1.23,0.25,0.4,2.62,4.17,0.15,0.45,0.21,0.14,0.16,1.18,0.31,0.25,0.35,0.45,0.28,0.41,0.38,1.13,0.5,0.27,0.66,0.36,0.42,0.21,0.23,1.85,-0.13,0.44,0.8,0.46,0.24,0.28,0.47,0.65,1.69,0.05,0.67,4.99,0.95,-0.1,0.32,0.4,0.68,4.06,0.19,2.62,1.88,2.03,0.09,0.02,2.14,0.23,0.03,0.73,-1.84,1.0,0.03,5.33,1.14,2.36,1.36,3.21,1.63,6.99,0.72
59,59,2018-12-01,0.22,-0.33,2.59,0.6,0.47,1.18,0.26,2.3,0.8,0.04,1.19,0.0,0.56,1.66,2.9,0.07,5.41,0.18,0.06,7.58,7.08,6.71,4.22,1.67,0.0,0.01,2.85,0.09,0.0,0.01,0.0,0.51,0.21,0.0,2.87,0.47,0.09,1.26,0.06,0.87,0.0,0.0,1.87,0.79,0.31,1.77,1.8,0.0,-0.01,0.02,1.62,-1.04,3.48,0.28,7.24,4.58,7.6,5.42,0.0,2.95,5.66,0.06,11.79,3.63,2.53,0.0,0.04,4.41,0.11,0.41,1.84,13.07,0.9,0.82,4.52,24.32,3.18,13.36,1.29,6.04,7.11,1.93
60,60,2019-01-01,-0.45,-1.54,-1.38,1.86,-0.51,2.78,-0.34,1.3,0.07,-0.17,0.15,-0.31,-0.46,-1.0,-0.42,-0.35,2.65,-0.31,-0.31,-0.47,0.21,0.04,-0.37,-1.33,-0.36,-0.32,-1.95,-0.66,-0.3,-0.34,-0.28,-1.0,-0.56,-0.71,0.2,-0.7,-0.47,0.77,-0.75,0.16,-0.31,-0.51,1.59,-0.47,-1.04,-0.2,-0.76,-0.2,-0.24,-0.52,1.89,0.32,1.12,-0.04,-2.13,-0.54,-2.21,-1.05,-0.01,3.86,-2.31,-0.14,2.83,1.6,-1.54,-0.13,-0.1,-0.08,0.3,-0.24,-0.49,2.3,0.15,-0.24,1.17,-3.12,-0.26,-0.52,-0.12,-3.19,-0.75,-0.32
61,61,2019-02-01,-0.34,1.85,0.42,-3.46,-0.17,-0.12,0.15,0.21,0.01,0.04,-0.19,0.06,0.24,1.12,0.94,-0.06,0.09,-0.16,-0.3,1.75,2.03,3.1,0.78,0.51,-0.21,-0.18,0.31,-0.41,-0.22,-0.18,-0.44,-0.31,-0.24,-0.41,-1.74,-0.94,-0.32,-0.79,-0.13,-0.65,-0.22,-0.27,-1.71,-0.22,-0.56,-0.3,0.55,-0.28,-0.31,-0.53,-3.38,0.46,-0.84,0.18,-2.31,3.84,-0.69,0.77,-0.42,-0.05,1.99,-0.44,6.47,-2.56,0.05,-0.04,0.06,-0.82,-0.15,-0.14,1.92,-2.31,0.3,-0.35,0.33,-10.03,0.54,-0.49,-1.17,-3.31,-2.33,0.08
62,62,2019-03-01,-0.11,0.23,0.62,0.37,0.04,-0.83,-0.03,0.0,-0.07,-0.06,0.37,0.11,1.1,-0.35,-0.46,-0.03,-2.54,-0.02,-0.11,4.5,-0.33,-0.29,1.62,0.11,-0.12,-0.11,-0.68,-0.19,-0.1,-0.14,-0.27,-0.15,-0.09,-0.15,-0.35,0.7,0.23,-0.59,-0.14,0.18,-0.15,-0.15,2.37,-0.18,0.47,0.7,1.09,-0.18,-0.17,-0.24,0.53,0.05,-0.19,0.93,0.4,-2.26,1.44,0.46,-0.15,0.83,-0.78,0.24,-4.45,-0.11,3.54,0.02,-0.02,1.41,0.2,-0.02,0.65,0.0,0.29,-0.02,5.77,11.14,0.65,4.74,1.44,-1.66,1.39,0.12
63,63,2019-04-01,0.0,-0.8,0.37,0.16,0.0,0.27,0.0,0.48,0.98,0.2,0.53,0.03,0.38,0.99,0.18,0.02,2.91,0.02,0.39,2.47,1.81,-0.58,1.95,0.26,0.0,0.0,0.32,0.0,0.0,0.15,0.02,0.08,0.31,0.0,1.45,0.24,0.13,0.43,0.21,0.25,0.01,0.03,2.31,0.0,0.14,0.23,0.36,0.01,0.34,0.29,1.47,0.42,1.09,0.79,0.99,1.78,1.0,0.72,0.31,5.02,1.36,0.25,1.1,0.52,0.61,0.02,0.06,0.0,0.01,0.03,1.01,-0.14,0.23,0.32,-4.08,-6.36,-0.96,-0.63,0.51,-0.99,1.9,0.41
64,64,2019-05-01,0.65,0.92,-0.34,0.11,0.06,0.18,0.1,0.56,0.52,0.67,0.95,0.48,0.65,-1.54,0.75,0.37,1.98,1.96,1.62,-1.76,0.83,1.37,0.42,0.48,0.41,0.45,4.25,0.23,1.07,0.08,1.73,0.41,0.28,0.16,1.56,0.2,0.35,1.48,0.28,1.07,0.0,0.42,-0.05,0.55,0.56,-0.01,-0.39,1.39,0.0,1.08,0.47,0.2,3.02,0.44,2.17,-1.13,3.3,2.45,0.04,0.4,0.88,-0.17,4.36,-0.24,1.62,0.02,0.15,-0.3,0.0,0.35,0.54,0.26,0.87,0.96,3.03,7.67,0.86,3.01,0.34,0.71,3.87,0.74
65,65,2019-06-01,1.17,-0.11,-0.02,0.26,0.0,-0.45,0.39,0.09,0.26,1.46,0.39,0.68,0.29,0.03,-0.23,0.48,-1.24,-0.11,-1.51,-2.07,-1.29,-3.59,-0.08,-0.81,0.27,0.62,-2.79,0.47,-0.04,1.91,-0.07,2.06,1.25,0.11,1.0,1.23,2.37,1.68,0.28,0.81,0.37,0.44,-0.74,2.22,2.16,1.16,0.99,1.44,0.47,-0.25,-0.12,0.48,0.3,0.2,0.09,-0.28,0.92,-0.92,0.1,-2.08,-0.86,-0.22,1.26,-0.11,1.36,0.16,0.06,-1.91,0.58,1.26,-0.71,2.52,0.07,-0.24,0.1,-1.94,-0.43,-3.0,0.01,0.59,-2.79,-0.24
66,66,2019-07-01,-0.89,-0.7,0.0,-0.11,0.0,-0.47,-0.31,-0.65,-0.82,-0.82,-0.97,-0.04,-0.65,0.01,-0.17,-0.76,-0.64,-1.19,0.0,-0.02,-1.29,1.52,-0.9,-0.49,0.0,-0.64,-0.08,-0.47,-1.28,-1.28,-0.68,-0.91,-0.94,0.0,-0.15,-0.37,-1.35,-2.44,-0.45,-0.48,-0.31,0.01,-1.78,-2.41,-0.69,-0.84,0.1,0.0,-0.35,-0.18,-0.46,-0.43,-0.27,-0.13,0.02,-0.57,-1.97,-2.03,0.0,-1.49,-0.45,0.08,-3.51,-0.35,-4.4,-0.01,0.0,-0.31,-0.47,-2.08,-0.35,-1.19,-0.16,-0.56,-2.76,0.45,-0.21,-2.7,-0.21,2.49,-1.57,-0.58
67,67,2019-08-01,0.0,-1.12,0.07,-0.75,0.06,-0.81,-0.04,-1.97,0.31,0.04,-0.99,0.01,-0.49,-1.16,-0.65,0.02,-4.35,-0.24,0.06,-6.24,-2.01,-3.8,-2.29,-0.88,0.18,0.0,-0.11,-0.1,0.01,0.02,0.01,0.01,0.23,0.0,-2.32,-1.53,-0.53,-2.14,0.08,-0.25,0.0,0.0,-0.48,0.17,0.01,-0.34,-0.86,0.1,0.01,0.0,-1.08,-1.53,0.05,0.0,-0.08,-1.74,-2.28,-3.3,0.17,-1.73,-3.04,-0.68,-7.0,0.0,-2.84,0.0,0.0,0.07,0.46,0.0,-2.96,-3.8,-0.59,-0.1,-4.31,-1.8,-1.0,-1.97,-1.23,0.0,-0.39,-0.9
68,68,2019-09-01,0.0,0.01,-0.42,0.11,0.0,-0.2,-0.03,0.61,0.0,0.09,-0.01,0.05,0.52,-0.99,0.59,0.02,3.41,0.23,0.01,5.97,1.96,-1.86,0.16,-0.01,0.22,0.02,-0.29,0.0,0.01,0.05,0.04,0.03,0.03,0.0,0.2,0.12,0.02,0.24,0.09,0.34,0.0,0.01,-0.54,0.02,0.23,0.12,0.19,0.09,0.01,0.0,-0.19,0.0,0.02,0.39,-1.86,0.26,-0.19,-0.03,0.19,-1.77,0.37,0.01,-0.69,0.0,1.83,0.01,0.21,0.0,0.02,0.0,0.86,1.33,0.35,-0.02,-0.61,2.3,0.31,-0.31,0.11,-0.15,-0.51,0.0
69,69,2019-10-01,0.0,0.0,-0.05,0.44,0.0,0.41,-0.02,-0.54,0.0,0.05,0.22,0.42,-0.1,-1.02,-0.13,0.19,-3.29,0.05,0.14,-2.02,-0.56,-0.63,0.69,-0.11,0.0,0.0,-0.21,0.0,0.0,0.02,0.0,0.21,0.08,0.01,0.17,-0.02,0.14,0.1,0.02,0.04,0.0,0.16,0.67,0.0,0.01,-0.23,-0.04,0.0,0.03,0.16,-0.28,0.0,0.02,-0.1,0.08,-0.77,0.14,2.08,0.02,0.23,-2.53,-0.4,0.01,-0.52,-1.59,0.02,-0.01,-0.51,0.0,0.0,-0.44,-1.76,-0.12,0.0,-0.13,-0.32,-0.44,1.21,0.49,-0.08,-1.39,-0.16
70,70,2019-11-01,0.31,-0.01,0.0,0.05,0.07,-0.35,0.0,0.05,0.0,0.0,-0.12,0.29,-0.33,0.0,0.07,0.0,0.4,0.03,-0.12,-5.51,-0.15,-0.36,-0.66,-0.02,0.04,0.0,0.0,0.0,0.0,0.0,0.0,0.01,-0.07,0.0,0.2,0.0,0.0,0.43,0.02,0.29,0.34,0.07,-0.62,0.0,0.0,0.07,-0.35,1.43,0.02,0.33,-0.8,0.13,0.09,-0.24,-0.48,-1.17,-1.4,-1.25,0.0,-0.95,0.33,-0.38,-0.99,-0.69,0.2,0.0,0.0,-0.66,0.0,0.58,0.07,1.94,-0.09,-0.39,0.5,3.17,0.51,1.43,-0.62,-1.09,-0.58,-0.11
71,71,2019-12-01,0.0,0.56,0.0,1.77,0.0,0.65,0.33,0.96,0.32,0.22,0.45,0.21,0.86,0.83,0.33,0.38,2.77,0.55,0.09,4.24,1.66,2.46,1.25,0.57,0.1,0.0,1.35,0.46,0.02,-0.01,0.22,0.01,0.13,0.0,0.82,0.75,0.09,1.24,0.47,0.59,0.0,0.0,0.38,0.56,0.94,0.99,0.53,-0.01,0.0,0.21,0.88,0.99,0.05,0.52,1.93,1.07,5.23,3.88,0.0,3.34,3.09,0.85,6.72,3.32,3.97,0.0,0.0,0.66,0.1,1.35,1.08,1.16,0.35,0.72,2.2,2.4,1.07,2.55,3.86,0.33,1.76,0.88
72,72,2020-01-01,-0.19,-0.32,-0.07,-0.83,-0.25,-1.13,-0.79,-0.36,-0.16,0.34,-0.94,0.04,-1.42,0.03,-0.81,0.07,-0.93,-0.12,0.6,-1.69,-0.39,-0.52,-0.42,-0.87,0.1,-0.47,-0.69,-1.19,-0.05,-0.59,-1.11,-0.5,-0.22,0.37,-1.06,-1.47,-1.04,-1.22,-0.92,-1.13,-0.4,-0.52,-0.14,-0.62,-0.83,-1.1,-0.99,-0.02,-0.41,-0.75,-1.43,-2.36,-2.17,-2.64,-4.44,-1.3,-0.05,-1.58,-2.86,-0.63,-1.85,-2.11,-0.84,-4.67,-3.43,-2.26,-0.03,0.06,-0.65,-0.6,-0.08,-3.34,-4.36,-0.91,-1.03,-3.62,-3.82,-3.35,-5.11,-4.62,-0.47,-1.34
73,73,2020-02-01,0.31,1.07,-0.63,-1.2,-0.35,-1.9,-1.32,-2.42,-0.32,0.3,-0.96,0.0,-1.74,2.75,-0.93,0.39,-0.96,-0.31,0.26,-2.97,-1.54,-3.1,-2.09,-1.26,0.2,-0.63,-1.4,-1.63,-0.24,-0.53,-1.46,-0.27,-0.38,0.04,-1.89,-1.33,-1.15,-1.93,-1.55,-0.37,-0.43,-0.79,-0.41,-0.31,-1.43,-1.02,-2.02,-0.12,-0.68,-1.43,-1.87,-3.61,-0.72,-5.1,-4.97,-1.46,-0.05,-1.26,-2.79,-0.45,-3.14,-2.8,-1.02,-9.15,-3.7,-2.33,-0.04,0.05,-0.93,-0.3,-0.44,-3.38,-4.01,-0.76,-1.81,-2.32,-4.08,-3.53,-5.18,-7.44,-0.47,-3.52
74,74,2020-03-01,0.29,0.92,-0.77,-1.52,0.15,-2.4,-1.13,-2.3,-0.32,0.3,-1.3,-0.12,-2.48,1.5,-1.61,-0.4,-1.5,-0.45,0.26,-5.19,-2.97,-6.26,-3.78,-1.26,1.25,-0.62,-1.99,-1.55,-0.24,-0.5,-1.46,-0.07,-0.34,0.04,-1.86,-1.03,-0.98,-1.75,-1.46,-0.78,-0.39,-0.38,-3.61,-0.31,-1.42,-1.69,-1.84,0.08,-0.68,-1.37,-2.74,-4.89,-1.83,-7.69,-4.55,-2.28,-0.05,-2.72,-4.0,-0.43,-6.27,-5.82,-1.5,-12.09,-9.3,-2.94,0.06,0.06,-1.47,0.27,-2.24,-4.1,-4.73,-1.56,-3.01,-4.19,-4.81,-6.8,-11.27,-9.85,-0.32,-4.95
75,75,2020-04-01,0.24,0.08,-2.08,-1.44,0.18,-2.58,-1.48,-3.34,-0.31,-0.13,-1.56,-0.59,-3.11,0.22,-1.67,-1.9,-1.56,-0.87,0.79,-5.17,-5.67,-7.06,-4.93,-1.26,1.28,-0.61,-2.37,-1.55,-0.23,-0.5,-1.46,-0.1,-0.34,0.04,-1.6,-1.05,-0.89,-2.47,-1.99,-1.13,-0.47,-0.35,-4.68,-0.31,-1.43,-2.86,-2.61,0.08,-0.68,-1.33,-3.56,-6.78,-3.4,-7.43,-4.94,-2.68,0.19,-3.85,-3.99,-0.71,-7.66,-6.74,-2.88,-13.84,-12.25,-3.47,0.06,0.06,-1.6,0.27,-2.24,-5.47,-3.55,-1.81,-5.39,-8.51,-5.36,-10.99,-16.55,-12.2,-0.32,-6.17
76,76,2020-05-01,0.62,1.08,-2.1,-0.87,0.28,-1.05,0.08,0.26,-0.14,1.59,-0.94,2.1,-2.42,2.41,-1.53,-1.85,1.49,-0.49,0.78,-3.92,-3.98,-4.66,-3.87,-0.67,1.28,-0.61,-2.25,-1.55,-0.34,-0.5,-1.07,0.47,-0.22,0.04,-1.37,-0.42,-0.42,-1.14,-1.59,-1.45,-0.45,-0.35,-2.61,-0.31,-1.17,-1.19,-1.25,0.13,-0.4,-1.3,-0.77,-6.85,-3.4,-6.25,-1.19,-0.59,0.19,-2.38,-2.01,-0.24,-7.66,-5.58,-2.54,-13.84,-8.64,-3.37,3.03,0.84,2.19,0.41,-2.15,-5.04,-3.55,-1.8,-2.9,-8.15,-4.79,-3.69,-16.55,-12.19,-0.32,-6.17
77,77,2020-06-01,0.01,1.51,-2.5,-0.58,0.28,-1.24,-1.34,-0.4,0.5,0.07,-0.23,1.42,-2.33,1.84,-1.51,-1.32,0.01,-0.3,1.14,-2.99,-4.7,-3.04,-3.49,-0.98,1.36,-0.61,-1.92,-1.34,1.15,0.16,0.82,0.58,1.0,0.31,-1.31,-0.53,1.25,-2.48,-1.49,-1.45,-0.44,-0.35,-1.75,0.04,-1.12,1.07,-0.71,0.13,-0.4,-1.3,-0.96,-6.16,-3.39,-5.19,-2.45,-1.29,0.52,-2.82,-1.75,-0.24,-7.58,-4.97,-2.36,-9.34,-8.64,-2.1,3.1,0.84,2.13,0.45,-2.85,-1.82,-2.32,-1.8,-3.76,-9.86,-4.79,2.1,-12.25,-12.19,0.2,-4.21
78,78,2020-07-01,-0.08,1.33,-2.5,-0.79,0.36,-2.82,-1.24,-1.24,0.5,0.08,-1.25,0.98,-2.36,2.62,-1.0,-1.21,-1.19,0.58,0.75,-2.32,-5.1,-5.04,-1.67,-0.91,1.38,-0.15,-1.8,-1.14,1.14,1.2,0.54,0.74,1.52,0.31,-1.47,-0.95,1.0,-2.49,-2.31,-1.5,-0.44,-0.03,-1.98,0.12,-1.11,-0.33,-0.78,0.3,0.07,-1.3,-2.0,-5.25,-1.45,-5.05,-4.66,-2.21,0.76,0.91,-3.11,-0.1,-7.28,-6.41,-1.16,-10.66,-8.64,-1.23,3.11,2.12,-1.29,0.3,-2.46,-1.7,0.39,-1.79,-4.98,-11.58,-4.63,-3.51,-12.34,-9.67,0.39,1.6
79,79,2020-08-01,0.12,1.55,-2.5,-0.68,0.38,-3.19,-0.73,-1.26,0.5,0.08,-1.24,0.66,-2.33,2.32,-1.02,-1.13,-0.13,-0.03,2.05,-2.72,-7.18,-4.89,-0.75,-1.69,1.38,0.13,-1.77,-0.81,1.14,1.28,0.52,0.75,1.52,0.35,-0.99,-0.92,1.79,-2.25,-2.18,-1.34,-0.35,0.23,-3.42,0.12,-1.07,0.23,-0.84,0.66,0.07,-1.27,-2.83,-4.0,-0.78,-3.81,-5.46,-2.28,0.76,0.88,-2.85,-0.01,-5.58,-7.19,-1.4,-5.17,-7.45,-1.0,3.12,1.43,-1.75,0.19,-0.63,-1.63,2.41,-1.66,-5.25,-7.47,-4.48,-8.86,-11.81,-12.1,0.48,3.44
80,80,2020-09-01,0.66,0.92,0.04,-1.27,0.38,-3.48,-0.73,-2.57,0.51,0.09,-1.22,1.22,-2.33,2.33,-1.02,-0.83,0.05,-0.37,2.07,-2.98,-9.0,-6.27,-5.27,-2.26,1.44,0.15,-1.78,-0.81,1.13,1.28,0.54,0.89,1.77,0.36,-0.56,-0.86,1.81,-1.96,-2.18,-1.56,-0.17,0.3,-3.71,0.12,-1.02,-0.56,-1.17,0.66,0.6,-1.27,-3.31,-3.86,0.26,-5.03,-5.8,-2.33,0.76,0.32,-3.65,-0.03,-6.58,-8.17,-1.16,0.95,-9.58,-1.93,3.14,1.44,-1.65,0.17,-2.02,-1.7,-1.41,-1.75,-5.34,-7.69,-4.52,-9.16,-13.44,-14.87,0.48,3.32
81,81,2020-10-01,0.67,0.76,0.04,-1.15,0.4,-3.34,-0.72,-3.13,0.51,0.09,-1.23,1.21,-2.39,2.29,-1.58,-1.04,-0.05,-0.25,2.06,-3.19,-9.07,-6.82,-4.32,-2.17,1.44,0.17,-1.68,-1.0,1.13,1.28,0.54,0.96,1.78,0.35,-0.47,-1.07,1.22,-1.4,-2.17,-1.59,-0.29,0.31,-3.4,0.12,-0.94,-0.9,-1.22,0.66,0.63,-0.6,-3.64,-4.37,-1.27,-4.58,-5.72,-2.39,0.92,-0.42,-4.59,0.01,-6.29,-8.55,-1.38,1.06,-10.62,-0.15,3.25,1.44,-2.3,0.17,-2.61,-2.16,-5.24,-2.32,-5.61,-8.62,-3.48,-10.15,-19.23,-15.64,-3.03,-4.26
82,82,2020-11-01,0.67,0.69,0.05,-0.62,0.4,-2.31,-0.72,-1.36,0.57,0.07,-1.18,1.24,-2.43,2.17,-1.58,-0.83,0.42,0.21,2.18,-3.36,-9.05,-5.38,-1.96,-1.59,1.55,0.63,-1.65,-1.1,1.15,1.53,0.54,0.96,1.78,0.35,-0.6,-1.95,1.39,-2.86,-1.94,-2.09,-0.29,0.33,-3.0,0.12,-0.76,-1.25,-1.25,0.66,0.62,-0.75,-3.85,-4.38,-1.48,-2.79,-5.81,-2.19,0.91,0.7,-3.79,0.05,-4.91,-6.79,-1.16,1.54,-9.91,-1.9,3.26,1.47,-1.58,0.18,-2.41,-1.39,-5.13,-2.03,-4.99,-7.82,-3.47,-7.4,-14.6,-14.15,-4.07,-5.02
83,83,2020-12-01,0.88,1.64,0.05,-0.39,0.4,-2.49,-0.55,-0.11,0.65,0.09,-0.96,1.24,-2.38,2.65,-1.09,-0.47,0.89,0.67,2.3,-2.31,-8.22,-3.15,-0.2,-1.31,1.55,0.63,-1.54,-0.81,1.45,1.36,0.48,0.96,1.8,0.4,-0.52,-1.77,1.33,-1.85,-1.69,-1.52,-0.23,0.4,-2.64,0.25,-0.52,-0.22,-1.49,0.66,0.63,-0.72,-3.43,-5.69,-1.29,-1.61,-5.15,-1.3,0.89,1.2,-1.57,0.05,0.2,-6.46,-0.93,0.13,-8.81,-0.67,3.26,1.47,0.03,0.33,-2.13,-0.14,-2.98,-1.23,-4.52,-8.93,-2.97,-5.82,-8.48,-9.78,-4.42,-1.14
84,84,2021-01-01,-0.1,-0.09,0.16,-0.05,0.22,-0.07,0.0,-2.54,0.09,0.53,-0.09,0.26,0.35,-0.88,-0.17,-0.54,0.41,0.07,0.14,-0.8,-1.42,-2.11,-2.09,-0.27,0.01,0.03,-0.26,-0.03,0.59,-0.02,0.01,0.0,0.22,0.17,0.66,1.37,0.37,1.71,0.51,0.28,0.02,0.01,-0.63,-0.04,-0.64,0.03,0.12,0.0,0.0,0.74,0.7,1.39,-0.99,-2.46,0.48,-1.06,0.11,-0.86,-2.0,0.0,-4.45,-1.73,0.55,-11.94,-0.99,-2.24,0.0,0.06,-0.99,0.32,0.53,-1.09,-3.12,-0.19,-0.39,-3.03,-2.62,-4.91,-7.78,-5.14,-3.05,-5.35
85,85,2021-02-01,-0.62,0.09,0.13,-0.27,0.22,-0.25,-0.1,-2.32,0.15,0.73,0.05,0.22,0.64,-0.59,-0.14,0.07,0.46,0.42,0.53,-0.97,-0.63,-1.89,-1.28,0.17,0.01,0.03,-0.15,-0.42,1.47,-0.02,0.01,0.29,0.24,0.19,0.79,1.62,0.35,1.49,0.53,0.31,0.13,0.01,-1.35,0.04,-0.48,1.25,0.28,0.17,0.11,1.01,0.0,0.86,-0.92,-2.49,-0.52,-0.88,0.35,-1.36,-2.23,0.0,-4.14,-0.76,0.78,-10.29,0.0,-2.02,0.0,0.73,-0.8,0.45,0.54,-1.51,-2.73,0.21,1.75,-4.06,-2.28,-5.31,-12.36,-7.68,-4.52,-7.25
86,86,2021-03-01,-0.43,0.21,-0.99,-0.47,0.22,-0.24,-0.42,-2.69,-0.11,0.2,0.11,0.3,0.19,-0.33,-0.14,-0.2,0.64,-0.59,-0.16,-1.29,-1.52,-2.05,-3.1,0.12,0.01,0.04,-0.07,-0.41,0.15,-0.02,0.01,-0.96,-0.01,0.23,0.94,0.85,0.04,1.29,0.26,0.29,0.13,0.0,-1.74,-0.01,-0.38,1.06,0.47,-0.09,0.11,1.01,-0.11,1.13,-0.53,-3.71,-1.26,-1.24,0.37,-3.73,-2.37,0.0,-4.14,-0.8,0.18,-11.03,-0.17,-3.15,-0.13,0.73,-1.26,0.33,0.91,-1.23,-1.65,-0.55,1.16,-4.06,-3.36,-6.72,-11.03,-7.77,-4.39,-7.01
87,87,2021-04-01,-0.43,0.25,-0.85,0.17,1.09,0.57,0.08,-2.68,-0.89,-0.23,0.14,0.24,0.19,-0.92,-0.26,0.28,0.77,-0.51,-0.34,-1.36,-1.67,-1.23,-3.56,-0.16,-0.05,0.04,0.25,-0.41,0.15,0.1,0.01,-1.0,0.03,0.23,0.14,0.76,0.27,1.0,0.27,0.43,0.13,0.46,-1.77,0.03,-0.51,1.19,0.48,-0.03,0.0,0.99,-0.04,1.07,-0.14,-4.38,-1.16,-1.17,0.48,-3.7,-2.54,0.0,-3.8,-0.61,0.21,-10.25,-0.79,-2.95,-0.13,0.82,-1.03,0.13,2.19,-1.94,-2.3,-0.73,1.13,-4.27,-2.71,-5.8,-9.72,-6.32,-3.85,-7.25
88,88,2021-05-01,-0.28,0.66,-0.54,0.17,1.09,0.84,0.34,-0.54,-0.44,-0.23,0.28,0.22,0.81,-0.9,-0.14,0.93,1.21,-0.21,-0.44,1.34,0.09,-0.53,-3.14,0.18,-0.03,0.26,0.25,0.62,1.78,1.83,0.01,-0.12,0.62,0.33,0.31,1.26,0.96,1.27,1.22,0.44,0.33,0.46,-1.44,0.54,0.83,1.52,0.84,-0.08,0.41,1.25,-0.16,2.73,0.37,-3.85,0.07,-1.58,0.18,-3.71,-2.09,0.03,-0.97,0.7,0.6,-3.55,-2.07,-2.2,-0.13,1.06,0.57,0.87,3.64,-0.72,3.69,0.59,1.77,-2.73,-1.56,-3.94,-3.55,-5.41,-1.37,-3.89
89,89,2021-06-01,-0.23,1.4,-0.76,0.18,1.09,0.71,-0.6,-0.92,-0.02,-0.34,0.15,0.24,1.07,-0.39,-0.51,0.97,1.16,0.27,0.01,-0.54,-0.86,-1.6,-2.61,-0.01,-0.03,0.15,0.25,-0.56,0.6,1.39,0.07,-0.47,0.34,0.11,-0.11,1.79,0.8,1.64,0.83,0.41,0.34,0.47,-1.15,0.42,-0.35,0.88,0.18,0.26,0.47,1.3,0.31,2.68,0.43,-3.52,-0.94,0.71,0.78,-3.02,-2.21,0.13,-4.93,-0.57,0.12,-4.75,-1.8,-3.19,-0.13,0.56,-0.01,0.78,3.49,-0.65,-0.33,-0.05,2.0,-1.86,-1.51,-3.68,-3.23,-5.27,-2.31,-6.18
90,90,2021-07-01,-0.21,1.52,-0.95,-0.05,1.1,0.92,-0.6,-1.92,-0.28,-0.47,0.19,0.48,1.17,-0.29,-0.49,0.44,1.21,-0.56,-0.37,0.48,-0.88,-1.77,-3.65,-0.04,-0.03,0.56,0.25,-0.32,0.6,1.43,0.07,-0.38,0.54,0.11,0.2,1.92,0.92,1.81,0.9,0.37,0.45,0.47,-1.1,0.42,-0.01,0.98,0.49,-0.06,0.47,1.4,0.22,2.41,-0.31,-3.43,-0.99,0.76,0.71,-3.23,-2.32,0.16,-4.86,-0.94,0.36,-5.85,-1.69,-3.73,-0.1,0.82,-0.31,1.36,2.29,-0.71,-0.63,0.64,1.88,-1.14,-3.48,-2.95,-2.79,-5.55,-0.72,-5.53
91,91,2021-08-01,-0.18,1.52,-0.85,-0.05,1.1,0.9,-0.63,-2.73,-0.15,-0.71,-0.08,0.47,1.03,-1.03,-0.49,0.16,1.34,-0.49,-0.18,1.04,-1.39,-2.58,-3.62,0.05,-0.03,0.56,0.25,-0.53,0.6,1.43,0.07,-0.29,0.79,0.12,0.13,1.09,0.39,1.73,1.04,0.58,0.59,0.64,-1.14,0.42,-0.07,1.18,0.82,-0.06,0.47,1.4,-0.02,2.84,-0.52,-3.67,-0.9,0.81,0.71,-3.33,-2.36,1.75,-4.99,-0.72,0.32,-7.64,-1.22,-2.3,-0.1,0.83,-0.67,0.98,2.0,-0.95,-2.37,0.66,0.83,-2.29,-3.89,-6.41,-6.09,-7.39,-0.8,-6.19
92,92,2021-09-01,-0.13,2.3,-0.8,-0.05,1.13,1.0,-0.63,-2.69,0.17,-0.49,0.39,0.63,1.03,-0.63,-0.39,0.69,1.02,0.27,0.94,1.04,-1.45,-2.68,-3.41,0.0,0.1,0.76,0.33,0.01,0.62,1.46,0.09,-0.21,0.87,0.19,0.32,1.27,0.59,1.56,1.21,1.09,0.63,0.67,-0.57,0.7,0.15,1.12,1.12,0.45,0.74,1.43,-0.3,3.32,-0.47,-2.24,-0.74,1.13,1.15,-3.38,-2.34,1.84,-5.49,-1.15,0.06,-7.84,-1.44,-2.23,-0.09,1.18,-0.67,1.08,2.13,-1.16,-2.51,0.71,0.85,0.72,-5.34,-5.32,-8.43,-7.4,0.11,-5.93
93,93,2021-10-01,-0.11,2.84,-0.71,-0.03,1.15,1.16,-0.62,-1.88,0.35,-0.45,0.61,0.78,1.19,-0.43,-0.25,0.71,1.23,-0.09,1.05,1.85,-1.09,-0.98,-2.85,0.44,0.02,1.06,0.42,0.07,0.67,1.54,0.11,-0.18,0.92,0.24,0.5,1.7,0.74,2.13,1.26,0.88,0.78,0.71,-0.33,0.77,0.13,1.4,1.31,0.13,0.76,1.47,0.22,3.66,0.27,-0.6,-0.84,1.45,0.87,-3.57,-2.31,1.87,-4.99,-2.25,0.48,-1.79,-0.82,-2.75,-0.02,1.43,-0.66,1.14,2.31,-1.33,-2.16,0.73,0.61,1.62,-8.02,-3.53,-2.58,-4.93,1.58,-0.95
